,Station ID,EQ Datetime,EQ Id,EQ Longitude,EQ Latitude,EQ Depth,EQ Distance,EQ Magnitude,EQ Es
0,608,2006-07-23 15:58:50.880000,16348959,-117.4938,33.7496,0.4,10.104133,3.6,8.190322
1,608,2006-07-23 15:58:50.880000,16348960,-117.4938,33.7496,0.4476,10.104133,3.6,8.19015
2,608,2007-01-04 22:39:40.189800,16135309,-117.569833,33.820333,-0.819,0.499188,1.79,8.088472
3,608,2006-07-23 15:58:52.450000,16348961,-117.477833,33.73,10.442,12.723692,3.69,7.902147
4,608,2007-05-24 06:15:14.549900,15931906,-117.4009,34.1627,8.2,41.127621,3.9,7.404803
5,608,2007-05-24 06:15:14.549900,15931907,-117.4009,34.1627,8.2338,41.127621,3.9,7.404666
6,608,2007-05-24 06:11:38.890000,15931900,-117.3973,34.1625,9.1768,41.230106,3.9,7.398572
7,608,2007-05-24 06:11:38.890000,15931899,-117.3973,34.1625,9.2,41.230106,3.9,7.398468
8,608,2006-07-10 02:54:43.890000,16365527,-117.112167,33.856,10.953,42.010894,3.9,7.374716
9,608,2007-05-24 06:15:15.579900,15931908,-117.385167,34.196833,12.285,45.189356,3.92,7.338962
10,608,2007-05-24 06:11:39.769900,15931901,-117.386167,34.197167,12.115,45.190174,3.86,7.249769
11,608,2006-07-10 02:54:43.599900,16365526,-117.1321,33.7984,16.7908,40.041737,3.8,7.224626
12,608,2006-07-10 02:54:43.599900,16365525,-117.1321,33.7984,16.8,40.041737,3.8,7.224555
13,607,2008-07-29 18:42:15.669800,15248711,-117.766333,33.9485,15.503,70.320727,5.44,9.245222
14,607,2008-07-29 18:42:16.099900,15248712,-117.873,33.8269,16.2,83.437941,5.5,9.191202
15,607,2008-10-02 09:41:48.289900,15139888,-116.9801,34.059,6.4,3.812731,4.0,9.055731
16,607,2008-10-02 09:41:48.289900,15139889,-116.9801,34.059,6.4096,3.812731,3.99,9.03977
17,607,2008-07-29 18:42:16.099900,15248713,-117.873,33.8269,16.23,83.437941,5.35,8.966144
18,607,2008-10-02 09:41:49.269900,15139890,-116.967833,34.083833,11.345,4.809835,4.14,8.828604
19,607,2007-12-19 12:14:09.630000,15630005,-116.981333,34.156167,7.817,9.913525,4.06,8.687557
20,607,2007-12-19 12:14:08.650000,15630003,-116.9858,34.1294,6.9,7.005104,3.9,8.664657
21,607,2007-12-19 12:14:08.650000,15630004,-116.9858,34.1294,6.8688,7.005104,3.88,8.636591
22,607,2008-05-09 22:38:07.379800,15399495,-116.4148,33.4251,9.7,91.06528,4.9,8.226395
23,607,2007-10-16 08:53:43.059900,15715895,-117.6504,34.3531,2.4659,65.982039,4.55,7.985542
24,607,2008-06-23 14:14:57.599900,15313480,-117.2465,34.047667,14.102,21.209988,3.99,7.972936
25,607,2008-03-09 09:22:32.079900,15506960,-117.465,34.139,3.141,41.798135,3.97,7.510241
26,607,2008-03-09 09:22:31.940000,15506958,-117.4935,34.0915,10.0,43.824628,4.0,7.49452
27,607,2008-03-09 09:22:31.940000,15506959,-117.4935,34.0915,10.0,43.824628,4.0,7.49452
28,607,2007-10-16 08:53:44.119800,15715896,-117.634667,34.385333,6.367,66.504698,4.2,7.450333
29,607,2008-06-23 14:14:56.469800,15313479,-117.2586,34.0089,11.0,23.248802,3.6,7.379466
30,607,2007-10-16 08:53:43.059900,15715894,-117.6504,34.3531,2.5,65.982039,4.1,7.310526
31,607,2008-03-06 00:14:25.940000,15511032,-116.8507,34.3091,12.9953,30.497322,3.7,7.309016
32,607,2008-03-06 00:14:25.940000,15511031,-116.8507,34.3091,13.0,30.497322,3.7,7.308968
33,607,2008-06-02 05:13:16.140000,15355689,-117.143,34.022,5.9,12.79132,3.2,7.302397
34,607,2008-06-02 05:13:16.140000,15355687,-117.143,34.022,5.9,12.79132,3.2,7.302397
35,607,2008-03-06 00:14:26.929800,15511033,-116.8575,34.298167,12.129,29.13275,3.66,7.291815
36,607,2008-09-04 08:42:03.740000,15186258,-117.118667,34.005167,12.307,11.899078,3.29,7.268058
37,607,2008-09-04 08:42:03.740000,15186259,-117.119,34.005,13.1,11.934625,3.3,7.253008
38,607,2008-09-04 08:42:03.740000,15186257,-117.119,34.005,13.1,11.934625,3.3,7.253008
39,607,2008-06-02 05:13:16.140000,15355688,-117.143333,34.021833,5.352,12.827055,3.14,7.224044
40,607,2008-05-01 03:55:35.969800,15414342,-116.454,33.443,9.248,87.284127,4.19,7.198281
41,607,2008-05-08 23:44:14.949800,15401550,-117.1435,34.019833,5.365,12.939908,3.1,7.157247
42,607,2008-05-08 23:44:14.949800,15401551,-117.143,34.02,5.9,12.890426,3.1,7.146862
43,607,2008-05-08 23:44:14.949800,15401549,-117.143,34.02,5.9,12.890426,3.1,7.146862
44,607,2008-07-21 20:21:00.549900,15263072,-116.905333,34.115167,4.475,11.429388,3.01,7.137012
45,607,2008-07-21 20:21:00.549900,15263073,-116.905,34.115,5.6,11.449632,3.0,7.089269
46,607,2008-07-21 20:21:00.549900,15263071,-116.905,34.115,5.6,11.449632,3.0,7.089269
47,607,2008-05-09 22:38:08.349900,15399496,-116.4555,33.445833,9.268,86.948174,4.06,7.006572
48,707,2011-07-12 11:17:11.019900,4578033,121.519,23.43,34.9,34.579813,5.0,8.917303
49,707,2011-07-12 11:17:11.079900,4578035,121.5808,23.4961,33.975,44.260943,5.04,8.866775
50,707,2011-07-12 11:17:11.079900,4578034,121.5808,23.4961,34.0,44.260943,5.0,8.806538
51,707,2011-08-25 09:35:10.859800,4462096,121.923,23.025,10.0,67.219638,4.9,8.485501
52,707,2011-08-25 09:35:10.390000,4462094,121.9953,23.0948,4.4,72.692471,4.9,8.425433
53,707,2011-09-02 08:00:18.699800,4441523,121.202,22.935,19.5,30.718133,4.3,8.12816
54,707,2011-06-26 13:19:14.299900,4622927,121.056,23.799,17.8,71.054662,4.7,8.120381
55,707,2011-06-26 13:19:14.660000,4622928,121.0263,23.8468,16.2,77.08867,4.7,8.057251
56,707,2011-09-02 08:00:18.009900,4441522,121.3209,22.8439,19.4,39.495583,4.3,7.963036
57,707,2011-08-25 09:35:10.390000,4462095,121.9953,23.0948,4.3816,72.692471,4.57,7.930446
58,707,2011-07-19 14:01:09.329900,4557739,121.633,23.968,16.4,92.33603,4.7,7.905769
59,707,2011-07-19 14:01:09.929800,4557740,121.6227,23.9848,15.3,93.688454,4.7,7.895197
60,707,2011-07-17 18:45:22.819900,4564496,121.641,23.788,20.8,74.557354,4.5,7.772469
61,707,2011-06-26 13:19:14.660000,4622929,121.0263,23.8468,16.2178,77.08867,4.5,7.757211
62,707,2011-07-17 18:45:23.660000,4564497,121.6425,23.785,27.9,74.337437,4.5,7.750352
63,707,2011-07-19 08:58:35.719800,4557223,121.4818,23.1697,14.6,19.528573,3.8,7.72583
64,707,2011-07-19 14:01:09.929800,4557741,121.6227,23.9848,15.3072,93.688454,4.55,7.670187
65,707,2011-06-20 01:06:34.299900,4637018,121.38,22.42,14.0,86.985263,4.4,7.510002
66,707,2011-08-04 04:11:51.819900,4515921,121.4544,23.2649,13.8,18.057861,3.6,7.486908
67,707,2011-06-20 01:06:32.250000,4637016,121.5093,22.407,4.0,90.719319,4.4,7.483757
68,707,2011-08-11 22:07:32.409800,4499920,121.6444,23.791,33.3,75.015645,4.3,7.421583
69,707,2011-08-06 04:42:18.099900,4510826,121.6427,23.2938,20.7,37.24964,3.9,7.390878
70,707,2011-08-02 20:20:11.619800,4523135,121.5134,23.0319,32.8,29.131419,3.9,7.365687
71,707,2011-08-11 22:07:32.759900,4499922,121.736,23.798,40.2,80.539725,4.3,7.341371
72,707,2011-07-19 03:54:32.549900,4556824,121.0569,22.3823,6.1,93.90228,4.3,7.302819
73,707,2011-08-11 22:07:32.409800,4499921,121.6444,23.791,33.346,75.015645,4.2,7.271385
74,707,2011-09-02 07:00:57.359800,4441451,121.3642,22.8322,12.4,41.337534,3.8,7.229892
75,707,2011-06-30 16:38:30.500000,4612290,121.4334,23.0763,20.0,19.722018,3.5,7.152946
76,707,2011-06-30 02:38:12.679800,4610612,120.6763,22.9481,15.1,68.970829,4.0,7.102336
77,707,2011-06-20 01:06:32.250000,4637017,121.5093,22.407,3.9867,90.719319,4.13,7.078763
78,707,2011-07-10 17:21:36.670000,4584759,121.7741,23.4512,24.6,56.585727,3.9,7.069405
79,707,2011-08-24 13:15:14.009900,4465209,121.9404,23.7542,18.2,90.435484,4.1,7.02008
80,707,2011-08-07 10:21:49.469800,4509045,121.4806,23.0012,15.3,29.100485,3.5,7.016203
81,707,2011-07-18 07:18:36.219800,4559621,121.35,23.201,15.7,5.80585,3.1,7.002535
82,869,2012-10-28 07:47:02.299900,3387598,-116.809,33.6822,16.3,16.957293,3.9,7.907087
83,869,2012-10-28 07:47:02.299900,3387599,-116.809,33.6822,16.3403,16.957293,3.9,7.906055
84,869,2012-10-28 07:47:03.039900,3387600,-116.813167,33.691833,18.01,17.933919,3.87,7.794777
85,869,2012-10-08 00:39:07.819900,3431747,-116.2998,33.0192,14.2,71.752837,4.2,7.371637
86,869,2012-10-08 00:39:08.339900,3431748,-116.3115,33.012333,10.798,71.923262,4.16,7.316581
87,869,2012-10-02 08:28:14.970000,3446149,-116.1496,32.8119,9.7788,98.702222,4.21,7.122104
88,869,2012-07-12 17:54:28.819900,3635699,-116.391333,34.0895,9.9,61.281396,3.86,7.004154
89,808,2012-08-26 20:57:57.849900,3534122,-115.5541,33.0337,2.4,80.483724,5.5,9.238198
90,808,2012-08-26 20:57:58.219800,3534124,-115.540333,33.0185,8.283,82.338577,5.41,9.07942
91,808,2012-08-26 19:31:22.369900,3533896,-115.5352,33.0466,2.3,81.557462,5.4,9.076727
92,808,2012-08-26 19:31:23.039900,3533898,-115.553667,33.017167,8.323,81.26659,5.32,8.955644
93,808,2012-05-18 10:37:12.019900,3776623,-116.402167,33.3195,6.338,4.909702,3.61,8.406955
94,808,2012-08-26 19:33:01.089900,3533902,-115.559167,33.0135,4.387,80.97138,4.89,8.317064
95,808,2012-08-26 19:33:00.940000,3533901,-115.5529,32.9932,12.5,82.472683,4.9,8.307516
96,808,2012-08-27 04:41:37.000000,3529819,-115.5195,33.021167,4.17,83.997567,4.9,8.300398
97,808,2012-04-22 16:18:33.880000,3842483,-116.402333,33.321833,6.158,4.940544,3.49,8.240303
98,808,2012-04-22 16:18:32.319900,3842482,-116.4038,33.304,5.9,5.294167,3.4,8.101776
99,808,2012-08-26 20:57:57.849900,3534123,-115.5541,33.0337,2.4263,80.483724,4.74,8.098189
100,808,2012-08-26 19:31:22.369900,3533897,-115.5352,33.0466,2.3392,81.557462,4.73,8.071715
101,808,2012-10-08 00:39:07.819900,3431747,-116.2998,33.0192,14.2,33.546758,4.2,7.977121
102,808,2012-10-08 00:39:08.339900,3431748,-116.3115,33.012333,10.798,34.173833,4.16,7.931284
103,808,2012-08-26 23:33:25.719800,3534526,-115.5758,32.9958,13.6024,80.431483,4.63,7.921901
104,808,2012-05-18 10:37:09.589900,3776622,-116.4598,33.2446,4.3,13.117349,3.6,7.91998
105,808,2012-08-26 23:33:25.129800,3534524,-115.5305,33.028,7.47,82.755312,4.63,7.905884
106,808,2012-08-26 23:33:25.719800,3534525,-115.5758,32.9958,13.6,80.431483,4.6,7.876905
107,808,2012-08-26 19:20:04.809900,3533854,-115.536333,33.015833,4.79,82.800147,4.59,7.847487
108,808,2012-08-27 04:41:36.909800,3529818,-115.5877,33.0575,10.0537,76.569002,4.52,7.80447
109,808,2012-08-27 04:41:36.909800,3529817,-115.5877,33.0575,10.1,76.569002,4.5,7.774403
110,808,2012-05-22 15:06:23.899800,3766724,-115.705,32.6886,14.8,92.244011,4.6,7.759085
111,808,2012-08-26 19:20:04.849900,3533855,-115.5666,33.0273,13.2,79.703607,4.5,7.735293
112,808,2012-10-02 08:28:14.970000,3446149,-116.1496,32.8119,9.7788,59.277465,4.21,7.55756
113,808,2012-08-26 19:40:12.920000,3533924,-115.596667,32.986667,9.783,79.167932,4.33,7.49132
114,808,2012-07-04 09:04:42.969800,3655280,-116.267,33.3824,12.5,10.476306,3.4,7.475114
115,808,2012-08-26 22:58:41.859800,3534435,-115.5885,32.987667,4.8,79.790015,4.31,7.459534
116,808,2012-04-12 18:53:01.259900,3870045,-116.466333,33.464167,6.188,19.544942,3.52,7.456445
117,808,2012-07-04 09:04:43.599900,3655281,-116.301,33.378167,13.33,8.055682,3.36,7.45514
118,808,2012-08-26 19:20:04.849900,3533856,-115.5666,33.0273,13.153,79.703607,4.3,7.435375
119,808,2012-10-02 08:28:14.960000,3446147,-116.143833,32.804667,9.906,60.210637,4.13,7.424055
120,808,2012-04-12 18:53:00.470000,3870044,-116.4696,33.4471,10.6,18.183337,3.5,7.403602
121,808,2012-10-02 08:28:14.970000,3446148,-116.1496,32.8119,9.8,59.277465,4.1,7.39251
122,808,2012-08-28 02:01:19.869900,3527182,-115.568833,33.004333,4.423,80.594273,4.24,7.346086
123,808,2012-08-26 21:15:29.149800,3534157,-115.534667,33.037333,4.713,81.993958,4.25,7.346004
124,808,2012-06-16 11:57:44.990000,3700896,-116.402,33.318833,6.028,4.89232,2.87,7.324887
125,808,2012-08-26 19:40:13.130000,3533925,-115.5941,32.9786,12.8,79.802642,4.2,7.284934
126,808,2012-08-28 02:01:19.390000,3527180,-115.5686,33.0071,14.6,80.480181,4.2,7.27456
127,808,2012-06-16 11:57:44.899800,3700895,-116.402,33.319,7.2,4.89269,2.9,7.270454
128,808,2012-07-16 04:09:02.470000,3624961,-116.3955,33.316333,6.508,4.291729,2.76,7.156289
129,808,2012-08-26 21:15:29.489900,3534158,-115.5457,33.0514,10.0,80.450379,4.1,7.132285
130,808,2012-03-15 06:30:32.329900,3940791,-116.0885,33.2508,13.6,25.37389,3.5,7.131553
131,808,2012-07-16 04:09:02.470000,3624962,-116.395,33.316,7.7,4.247129,2.8,7.111663
132,808,2012-10-28 07:47:02.299900,3387598,-116.809,33.6822,16.3,58.789633,3.9,7.079234
133,808,2012-10-28 07:47:02.299900,3387599,-116.809,33.6822,16.3403,58.789633,3.9,7.079081
134,808,2012-11-26 15:33:50.700000,3325395,-116.235,33.004,6.2,36.504824,3.6,7.062949
135,808,2012-11-26 15:33:50.700000,3325397,-116.235,33.004,6.2,36.504824,3.6,7.062949
136,808,2012-05-21 06:19:58.500000,3768326,-116.487,33.476,15.5,21.721734,3.4,7.047469
137,808,2012-05-21 06:19:58.500000,3768327,-116.487,33.476,15.5,21.721734,3.4,7.047469
138,808,2012-05-21 06:19:58.599900,3768328,-116.486833,33.476,13.924,21.712634,3.38,7.046972
139,808,2012-03-15 06:31:22.949800,3940795,-116.1053,33.2338,12.2,24.545385,3.4,7.024177
140,808,2012-11-26 15:33:50.700000,3325396,-116.234833,33.003667,5.628,36.544805,3.57,7.019169
141,808,2012-10-28 07:47:03.039900,3387600,-116.813167,33.691833,18.01,59.807994,3.87,7.013784
142,840,2013-03-27 02:03:19.940000,3045729,121.135,23.8815,18.6,42.311162,6.0,10.470359
143,840,2013-03-27 02:03:19.819900,3045728,121.215,23.828,19.0,35.011046,5.9,10.449485
144,840,2013-03-27 02:03:19.940000,3045730,121.135,23.8815,18.5944,42.311162,5.74,10.080402
145,840,2012-12-02 17:45:37.179800,3312816,121.631,23.91,10.0,8.270579,5.0,10.073652
146,840,2013-03-07 03:36:47.630000,3095623,121.5037,24.2882,11.5895,43.705198,5.59,9.874421
147,840,2012-12-02 19:43:30.369900,3312983,121.675,23.917,6.0,12.810378,4.9,9.84874
148,840,2012-06-14 16:15:13.630000,3706506,121.584,23.699,9.2,22.330204,5.2,9.834124
149,840,2012-12-02 17:45:37.909800,3312817,121.6213,23.9615,10.3,10.098322,4.9,9.831799
150,840,2012-12-02 19:43:31.679800,3312984,121.6283,23.9455,11.9,9.514869,4.9,9.784245
151,840,2013-03-07 03:36:47.630000,3095622,121.5037,24.2882,11.6,43.705198,5.5,9.739369
152,840,2012-06-14 16:15:14.349900,3706507,121.5996,23.6922,14.0,23.363069,5.2,9.729694
153,840,2013-03-07 03:36:46.089900,3095621,121.49,24.31,15.2,46.280241,5.5,9.67472
154,840,2012-06-14 16:15:14.349900,3706508,121.5996,23.6922,14.0403,23.363069,5.08,9.549033
155,840,2012-06-17 09:01:52.450000,3698067,121.574,23.647,6.9,27.955255,5.0,9.38139
156,840,2012-08-14 10:55:43.710000,3561307,121.5823,24.0295,24.7587,15.021747,4.99,9.361421
157,840,2012-12-02 17:45:37.909800,3312818,121.6213,23.9615,10.268,10.098322,4.56,9.323175
158,840,2012-06-17 09:01:52.969800,3698069,121.5927,23.6568,7.5346,27.103146,4.92,9.281631
159,840,2012-06-17 09:01:52.969800,3698068,121.5927,23.6568,7.5,27.103146,4.8,9.101917
160,840,2013-02-02 03:39:52.450000,3180051,121.983,23.786,35.5,45.672896,5.2,9.07544
161,840,2012-12-02 19:43:31.679800,3312985,121.6283,23.9455,11.928,9.514869,4.42,9.062999
162,840,2013-01-03 18:08:04.910000,3245906,121.733,23.969,8.9,20.152138,4.6,9.013973
163,840,2013-02-02 03:39:51.529900,3180049,122.0175,23.7515,29.1956,50.172263,5.13,8.967417
164,840,2013-01-03 18:08:05.500000,3245907,121.7608,23.9519,11.2,22.185117,4.6,8.909279
165,840,2013-03-27 02:04:05.920000,3045732,121.052,23.92,19.36,50.766287,5.0,8.82988
166,840,2013-03-27 02:04:05.920000,3045731,121.052,23.92,19.4,50.766287,5.0,8.829652
167,840,2012-06-14 19:30:55.589900,3707269,121.6014,23.6955,5.4,23.044847,4.5,8.801638
168,840,2012-08-14 10:55:43.130000,3561305,121.596,24.012,25.4,13.534124,4.6,8.781795
169,840,2012-06-17 09:07:53.189800,3698083,121.5893,23.649,7.6,27.909353,4.6,8.777434
170,840,2012-08-14 10:55:43.710000,3561306,121.5823,24.0295,24.8,15.021747,4.6,8.775363
171,840,2012-06-14 04:07:59.899800,3705084,121.53,23.72,6.2,19.851213,4.4,8.764003
172,840,2012-08-16 17:41:00.539900,3557308,121.5482,24.0325,25.7,15.012659,4.6,8.75263
173,840,2012-11-05 13:40:29.559900,3370596,121.5216,23.7666,12.7191,14.856313,4.33,8.712385
174,840,2012-08-17 20:20:02.519900,3555309,121.5758,23.3638,26.7909,59.400455,5.01,8.687003
175,840,2012-11-05 13:40:29.559900,3370595,121.5216,23.7666,12.7,14.856313,4.3,8.667937
176,840,2013-02-21 18:35:57.039900,3133322,121.564,24.265,4.1,40.885171,4.7,8.622523
177,840,2013-02-02 03:39:51.529900,3180048,122.0175,23.7515,29.2,50.172263,4.9,8.622383
178,840,2013-01-02 12:01:47.079900,3247514,121.7701,23.9379,9.5,22.739236,4.4,8.61658
179,840,2012-06-14 16:19:14.579900,3706523,121.506,23.717,3.5,20.582623,4.3,8.610619
180,840,2012-06-17 09:07:53.240000,3698085,121.599,23.594,10.0,34.103444,4.6,8.598581
181,840,2012-09-05 03:47:16.250000,3506726,122.35,24.0108,19.1,82.184321,5.1,8.597577
182,840,2012-06-14 04:07:58.960000,3705082,121.6158,23.684,5.3,24.645145,4.4,8.596903
183,840,2013-02-17 01:32:07.679800,3141018,121.453,24.271,7.3,42.700542,4.7,8.576622
184,840,2012-06-14 19:30:55.589900,3707270,121.6014,23.6955,5.3834,23.044847,4.34,8.561776
185,840,2013-01-02 12:01:47.079900,3247515,121.7701,23.9379,9.4832,22.739236,4.36,8.556808
186,840,2012-06-14 16:19:14.579900,3706524,121.506,23.717,3.51,20.582623,4.26,8.550549
187,840,2012-06-14 18:25:59.670000,3707073,121.619,23.6678,4.1,26.468463,4.4,8.544245
188,840,2012-06-14 18:25:59.740000,3707075,121.713,23.712,5.1,26.41601,4.4,8.540372
189,840,2013-01-02 12:01:47.130000,3247516,121.798,23.901,10.0,25.133808,4.4,8.535662
190,840,2012-09-05 03:47:18.599900,3506728,122.341,24.026,40.1,81.555073,5.1,8.53306
191,840,2012-06-10 06:23:29.079900,3715903,121.7016,23.8909,35.7,15.34888,4.6,8.521001
192,840,2013-01-03 18:08:05.500000,3245908,121.7608,23.9519,11.2384,22.185117,4.33,8.503674
193,840,2013-02-21 18:35:57.880000,3133323,121.4628,24.3119,5.9,46.935917,4.7,8.500181
194,840,2013-02-17 01:32:08.369800,3141019,121.4656,24.3167,6.1,47.407317,4.7,8.491178
195,840,2012-11-05 13:40:29.019900,3370594,121.529,23.716,13.0,20.304377,4.3,8.485624
196,840,2012-12-11 10:32:04.000000,3293719,121.653,23.996,24.7,15.093432,4.4,8.476807
197,840,2012-06-17 09:09:37.149800,3698090,121.6245,23.653,7.1,28.203632,4.4,8.472704
198,840,2012-12-23 06:13:05.329900,3268075,121.472,24.261,5.3,41.202435,4.6,8.463027
199,840,2012-06-14 19:30:57.329900,3707271,121.657,23.639,17.4,30.709494,4.5,8.45454
200,840,2013-01-17 08:30:41.920000,3216649,122.022,24.401,9.9,73.621714,4.9,8.408205
201,840,2012-06-17 09:02:58.769900,3698075,121.523,23.691,1.26,23.136311,4.22,8.400126
202,840,2013-02-21 18:35:57.880000,3133324,121.4628,24.3119,5.915,46.935917,4.63,8.395146
203,840,2012-06-10 06:23:29.039900,3715902,121.67,23.849,43.1,13.266661,4.6,8.391731
204,840,2013-01-17 08:30:42.529900,3216650,122.0249,24.4154,12.7,75.033127,4.9,8.387227
205,840,2012-06-17 09:02:58.769900,3698074,121.523,23.691,1.3,23.136311,4.2,8.370043
206,840,2012-12-30 16:03:26.789900,3254237,120.9318,23.4664,3.7,79.190572,4.9,8.351706
207,840,2012-12-23 06:13:05.829900,3268076,121.4719,24.3139,6.0,46.988054,4.6,8.349001
208,840,2012-06-17 09:07:53.189800,3698084,121.5893,23.649,7.6432,27.909353,4.31,8.342093
209,840,2012-12-11 10:32:04.690000,3293720,121.6636,24.0403,28.5,19.58221,4.4,8.322373
210,840,2012-11-21 22:25:27.440000,3337174,122.3,23.9728,30.1,76.602318,4.9,8.31916
211,840,2012-06-17 09:09:37.189800,3698092,121.632,23.606,10.0,33.451345,4.4,8.313999
212,840,2012-12-23 06:13:05.829900,3268077,121.4719,24.3139,5.9508,46.988054,4.55,8.274115
213,840,2012-12-26 02:06:37.839900,3261747,122.5193,23.9444,30.7,98.580257,5.0,8.27222
214,840,2012-11-21 22:25:27.039900,3337173,122.344,24.039,28.8,82.115866,4.9,8.270763
215,840,2012-06-04 20:38:27.589900,3733336,122.2296,24.2072,40.8,77.049243,4.9,8.269116
216,840,2012-06-14 04:07:58.960000,3705083,121.6158,23.684,5.2671,24.645145,4.18,8.26714
217,840,2012-11-21 22:25:27.440000,3337175,122.3,23.9728,30.1352,76.602318,4.86,8.259024
218,840,2012-08-16 17:41:02.549900,3557310,121.723,24.008,50.2,21.381328,4.6,8.226192
219,840,2012-08-17 20:20:02.519900,3555308,121.5758,23.3638,26.8,59.400455,4.7,8.221953
220,840,2013-02-17 01:32:08.369800,3141020,121.4656,24.3167,6.1432,47.407317,4.51,8.206077
221,840,2012-12-30 16:03:26.250000,3254236,120.953,23.443,3.4,79.123618,4.8,8.202587
222,840,2012-06-04 20:38:29.059900,3733338,122.242,24.233,52.2,79.47678,4.9,8.193764
223,840,2012-06-04 20:38:27.589900,3733337,122.2296,24.2072,40.8324,77.049243,4.84,8.178965
224,840,2012-08-17 20:20:01.970000,3555305,121.525,23.305,25.1,65.936517,4.7,8.152977
225,840,2013-01-04 03:29:57.630000,3242495,122.3965,23.9721,27.7,86.350476,4.8,8.084933
226,840,2013-03-07 08:07:21.980000,3096655,121.4616,24.334,7.0053,49.372685,4.45,8.07937
227,840,2012-12-30 16:03:26.789900,3254238,120.9318,23.4664,3.7385,79.190572,4.7,8.051686
228,840,2012-06-17 09:09:37.149800,3698091,121.6245,23.653,7.1079,28.203632,4.11,8.037647
229,840,2013-03-07 08:07:21.969800,3096653,121.57,24.321,10.0,47.130436,4.4,8.034273
230,840,2013-03-17 13:53:20.119900,3069802,120.923,23.705,12.8,67.362507,4.6,8.027759
231,840,2013-02-06 11:58:18.809900,3170289,121.5709,24.0939,19.3,21.932984,4.1,8.018773
232,840,2012-04-27 14:48:34.929800,3829522,121.7865,23.7832,41.2,27.133837,4.4,8.013736
233,840,2012-06-10 06:23:29.079900,3715904,121.7016,23.8909,35.6603,15.34888,4.26,8.011816
234,840,2012-04-27 14:48:34.589900,3829521,121.87,23.75,33.8,36.377069,4.4,8.008054
235,840,2013-03-07 08:07:21.980000,3096654,121.4616,24.334,7.0,49.372685,4.4,8.004383
236,840,2013-03-07 03:37:46.259900,3095624,121.444,24.343,7.9,50.708291,4.4,7.979427
237,840,2012-08-16 17:41:00.539900,3557309,121.5482,24.0325,25.6831,15.012659,4.07,7.958056
238,840,2012-06-17 18:52:09.750000,3699307,121.6234,23.6686,4.4736,26.503909,4.01,7.95618
239,840,2013-01-17 08:30:42.529900,3216651,122.0249,24.4154,12.6747,75.033127,4.61,7.952275
240,840,2013-03-07 03:37:46.259900,3095625,121.444,24.343,7.89,50.708291,4.38,7.949453
241,840,2012-06-17 18:52:09.750000,3699306,121.6234,23.6686,4.5,26.503909,4.0,7.941038
242,840,2012-12-11 10:32:04.690000,3293721,121.6636,24.0403,28.5389,19.58221,4.14,7.931568
243,840,2013-03-27 03:30:02.160000,3045953,121.048,23.888,18.2,51.128524,4.4,7.930861
244,840,2013-02-06 11:58:18.500000,3170288,121.53,24.09,24.5,21.508083,4.1,7.923529
245,840,2013-02-21 18:33:08.000000,3133310,121.45,24.293,9.9,45.151226,4.3,7.920268
246,840,2012-12-26 02:06:37.839900,3261748,122.5193,23.9444,30.652,98.580257,4.75,7.89734
247,840,2013-03-27 03:30:01.829900,3045951,121.0099,23.9288,15.6,55.092371,4.4,7.884321
248,840,2013-02-21 18:33:07.869900,3133308,121.458,24.3204,6.9,47.957382,4.3,7.879391
249,840,2012-08-15 00:24:02.470000,3558043,121.5544,23.7322,9.2,18.385202,3.8,7.874013
250,840,2013-02-06 11:58:18.809900,3170290,121.5709,24.0939,19.33,21.932984,4.0,7.868184
251,840,2013-01-04 03:29:57.630000,3242496,122.3965,23.9721,27.7106,86.350476,4.65,7.859902
252,840,2012-06-05 09:56:29.699800,3729321,122.26,24.1623,32.5,77.810827,4.6,7.848083
253,840,2012-06-14 16:21:58.769900,3706545,121.5761,23.7184,7.4,20.081692,3.8,7.839102
254,840,2013-01-03 14:00:16.019900,3245561,121.7812,23.9701,6.7,24.768777,3.9,7.831522
255,840,2012-06-05 09:56:30.670000,3729323,122.249,24.208,39.5,78.85505,4.6,7.809111
256,840,2013-01-03 14:00:16.019900,3245562,121.7812,23.9701,6.722,24.768777,3.88,7.801327
257,840,2012-06-14 16:19:30.279900,3706525,121.478,23.721,8.0,20.977699,3.8,7.797514
258,840,2012-06-14 16:19:30.279900,3706526,121.478,23.721,8.01,20.977699,3.8,7.797377
259,840,2012-06-14 18:25:59.670000,3707074,121.619,23.6678,4.0839,26.468463,3.9,7.794325
260,840,2013-01-04 03:29:56.479800,3242494,122.396,24.059,20.9,87.728877,4.6,7.78974
261,840,2012-12-31 07:51:43.689800,3251474,121.008,23.435,10.0,75.503747,4.5,7.786511
262,840,2012-06-05 09:56:29.699800,3729322,122.26,24.1623,32.4944,77.810827,4.55,7.773105
263,840,2012-12-29 11:06:26.929800,3256140,121.954,24.222,56.6,54.569983,4.5,7.75891
264,840,2013-03-07 07:57:14.809900,3096611,121.498,24.308,10.0,45.958108,4.2,7.755186
265,840,2012-09-04 02:57:54.670000,3509129,122.4638,23.9124,14.6,92.82732,4.6,7.754036
266,840,2012-06-20 08:55:21.640000,3691302,121.6844,24.0445,10.6,21.246577,3.8,7.748893
267,840,2012-06-14 16:19:12.079900,3706522,121.4904,23.7241,1.8967,20.237525,3.71,7.748887
268,840,2012-12-31 07:51:42.920000,3251472,120.9269,23.4512,4.3,80.62051,4.5,7.735875
269,840,2012-06-14 16:19:12.079900,3706521,121.4904,23.7241,1.9,20.237525,3.7,7.733874
270,840,2012-09-04 02:57:55.880000,3509131,122.488,24.002,20.6,95.945674,4.6,7.716377
271,840,2012-08-31 12:11:43.509900,3520431,121.068,24.606,32.2,92.747879,4.6,7.715968
272,840,2012-04-27 14:48:34.929800,3829523,121.7865,23.7832,41.2052,27.133837,4.19,7.698659
273,840,2012-07-17 01:58:15.470000,3622575,121.4937,23.9041,17.0,5.850688,3.6,7.690488
274,840,2013-03-07 07:57:14.109800,3096609,121.4744,24.3527,5.2,51.205364,4.2,7.676913
275,840,2012-12-05 08:45:41.519900,3306109,121.5172,23.7826,13.5536,13.226379,3.62,7.675345
276,840,2013-03-12 09:03:45.700000,3081586,121.8,24.35,47.4,56.312997,4.4,7.666168
277,840,2012-12-05 08:45:41.519900,3306108,121.5172,23.7826,13.6,13.226379,3.6,7.643822
278,840,2013-02-21 18:33:07.869900,3133309,121.458,24.3204,6.9195,47.957382,4.14,7.639341
279,840,2012-07-04 19:19:46.809900,3656514,122.4424,23.9537,24.2,90.83776,4.5,7.603688
280,840,2012-06-21 23:06:07.089900,3690515,121.5718,23.7113,11.5,20.815477,3.7,7.597541
281,840,2013-04-10 13:11:17.390000,3014316,121.691,23.817,2.3,16.835197,3.5,7.589532
282,840,2013-03-12 09:03:45.059900,3081584,121.8264,24.3578,55.6,58.325168,4.4,7.587542
283,840,2012-07-20 16:22:56.950000,3617278,121.6532,23.9713,10.9,13.252932,3.5,7.580988
284,840,2012-06-13 08:22:21.160000,3708684,121.248,24.717,12.8,96.150966,4.5,7.576464
285,840,2013-04-10 13:11:17.390000,3014317,121.691,23.817,2.3,16.835197,3.49,7.574532
286,840,2012-06-13 08:22:21.029900,3708682,121.2691,24.7423,12.7,98.177466,4.5,7.558769
287,840,2012-06-18 13:32:03.069900,3695974,121.5715,23.6693,0.1,25.463001,3.7,7.538174
288,840,2012-08-16 02:10:35.079900,3555855,121.52,23.742,8.86,17.573355,3.55,7.536927
289,840,2012-04-29 07:08:24.199800,3823699,122.11,23.718,13.9,60.289308,4.2,7.517027
290,840,2012-06-18 13:32:03.069900,3695975,121.5715,23.6693,0.0724,25.463001,3.68,7.508177
291,840,2012-11-23 22:03:47.819900,3332768,121.8383,23.8136,32.3,30.690263,4.0,7.5022
292,840,2012-12-11 04:35:53.429800,3293224,121.618,23.949,6.8,8.912807,3.2,7.50074
293,840,2012-09-05 03:45:28.140000,3506720,122.4107,23.9922,14.3,88.019625,4.4,7.499527
294,840,2012-05-30 07:25:43.259900,3744995,121.391,23.114,10.0,88.632978,4.4,7.499316
295,840,2013-01-21 23:02:55.950000,3209790,121.7673,23.9883,11.9,24.20793,3.7,7.488087
296,840,2012-12-11 04:35:53.429800,3293225,121.618,23.949,6.81,8.912807,3.19,7.48527
297,840,2012-04-29 07:08:25.379800,3823700,122.0948,23.6969,25.1,59.673418,4.2,7.47769
298,840,2012-09-05 03:45:28.140000,3506721,122.4107,23.9922,14.3304,88.019625,4.38,7.469479
299,840,2012-08-16 02:10:35.079900,3555854,121.52,23.742,8.9,17.573355,3.5,7.461132
300,840,2012-06-14 19:32:10.650000,3707277,121.495,23.736,6.5,18.83466,3.5,7.451216
301,840,2013-03-27 03:30:01.829900,3045952,121.0099,23.9288,15.6214,55.092371,4.11,7.449232
302,840,2012-09-05 03:45:30.289900,3506722,122.422,24.047,29.5,90.064379,4.4,7.446635
303,840,2012-06-19 23:42:49.089900,3694713,121.5229,23.6741,3.847,25.003644,3.63,7.438832
304,840,2012-05-30 07:25:43.229800,3744993,121.0378,23.1743,6.7,95.926586,4.4,7.434009
305,840,2012-06-14 18:28:09.169800,3707092,121.5649,23.6935,8.7,22.730128,3.6,7.427423
306,840,2012-06-14 17:09:30.859800,3706771,121.6204,23.6761,5.0794,25.617927,3.63,7.411166
307,840,2013-03-20 07:22:01.450000,3062463,121.986,24.378,10.0,69.316389,4.2,7.409382
308,840,2012-06-19 23:42:49.089900,3694712,121.5229,23.6741,3.8,25.003644,3.6,7.394076
309,840,2012-06-14 19:32:10.650000,3707278,121.495,23.736,6.48,18.83466,3.46,7.3915
310,840,2013-03-19 02:50:03.160000,3064470,121.7334,23.9208,10.4,18.741881,3.5,7.387792
311,840,2013-03-06 22:37:24.500000,3102171,122.12,24.61,71.2,98.013182,4.5,7.383392
312,840,2013-01-03 14:37:38.679800,3245604,121.8152,23.9602,4.2643,27.762636,3.65,7.377951
313,840,2013-03-27 02:05:26.319900,3045735,121.08,23.904,19.7,47.866755,4.0,7.371976
314,840,2013-03-13 03:51:55.569900,3078390,121.8396,24.1712,11.2,42.265472,3.9,7.368555
315,840,2012-09-05 03:47:16.250000,3506727,122.35,24.0108,19.128,82.184321,4.28,7.367511
316,840,2013-04-12 00:49:19.299900,3007727,121.7787,23.8023,5.7,25.480974,3.6,7.366362
317,840,2012-06-14 17:09:30.859800,3706770,121.6204,23.6761,5.1,25.617927,3.6,7.366032
318,840,2012-12-06 16:48:14.750000,3304823,121.6223,23.8064,29.851,12.470399,3.72,7.360222
319,840,2013-01-12 12:34:17.869900,3225627,122.3505,23.992,32.8,81.946218,4.3,7.358406
320,840,2013-03-19 02:50:03.160000,3064471,121.7334,23.9208,10.3721,18.741881,3.48,7.35834
321,840,2013-03-27 02:05:26.319900,3045736,121.08,23.904,19.67,47.866755,3.99,7.357168
322,840,2012-06-17 09:10:14.720000,3698100,121.498,23.718,8.65,20.670595,3.5,7.349213
323,840,2012-09-04 02:57:54.670000,3509130,122.4638,23.9124,14.6123,92.82732,4.33,7.349018
324,840,2012-06-17 09:10:14.720000,3698099,121.498,23.718,8.7,20.670595,3.5,7.348464
325,840,2013-03-20 07:22:01.169800,3062461,121.9754,24.4447,11.0,74.548487,4.2,7.345768
326,840,2012-06-14 16:53:21.440000,3706716,121.5649,23.6675,8.2,25.616093,3.6,7.340607
327,840,2012-06-15 02:52:27.859800,3702431,121.5838,23.679,11.7,24.528062,3.6,7.33164
328,840,2013-03-07 03:39:35.069900,3095630,121.419,24.315,7.94,48.311898,3.94,7.330317
329,840,2012-12-06 16:48:14.750000,3304822,121.6223,23.8064,29.9,12.470399,3.7,7.329009
330,840,2013-01-12 12:34:17.989900,3225629,122.37,24.028,35.4,84.495081,4.3,7.326105
331,840,2013-02-17 01:37:05.910000,3141030,121.443,24.32,6.26,48.236146,3.93,7.321001
332,840,2013-03-07 07:57:14.109800,3096610,121.4744,24.3527,5.161,51.205364,3.96,7.316979
333,840,2013-01-12 12:34:17.869900,3225628,122.3505,23.992,32.7722,81.946218,4.27,7.313507
334,840,2013-03-13 03:51:55.569900,3078391,121.8396,24.1712,11.2167,42.265472,3.86,7.30847
335,840,2013-04-12 00:49:19.299900,3007728,121.7787,23.8023,5.7326,25.480974,3.56,7.306125
336,840,2013-01-03 14:37:38.679800,3245603,121.8152,23.9602,4.3,27.762636,3.6,7.302783
337,840,2013-02-17 01:37:05.910000,3141029,121.443,24.32,6.3,48.236146,3.9,7.275909
338,840,2013-03-07 03:39:35.069900,3095629,121.419,24.315,7.9,48.311898,3.9,7.270432
339,840,2012-08-15 00:28:19.829900,3558058,121.5427,23.7324,9.5,18.377786,3.4,7.268563
340,840,2012-05-23 11:30:17.609800,3763841,121.889,24.2102,4.5,48.869356,3.9,7.26826
341,840,2012-05-25 01:29:19.239900,3757574,122.3406,23.9136,25.1,80.308069,4.2,7.250004
342,840,2012-06-14 17:37:49.099900,3706912,121.615,23.6868,6.4,24.323358,3.5,7.248881
343,840,2012-06-14 04:45:51.359800,3705169,121.6231,23.6808,2.3,25.194895,3.5,7.243771
344,840,2013-02-07 11:43:16.079900,3166863,121.4433,23.7284,21.7,21.752765,3.6,7.224995
345,840,2013-03-13 01:00:20.190000,3078144,121.4742,24.3506,8.0,50.97766,3.9,7.224674
346,840,2013-03-07 04:52:43.179800,3096014,121.4419,24.2841,8.7876,44.385586,3.82,7.218818
347,840,2012-06-14 16:16:27.149800,3706511,121.488,23.72,7.2,20.746277,3.4,7.21673
348,840,2012-06-27 09:59:52.000000,3673669,121.5689,23.6667,5.8,25.73084,3.5,7.207568
349,840,2012-10-02 13:42:09.650000,3446715,121.7038,23.6208,40.4,34.484368,3.9,7.199546
350,840,2012-06-14 21:12:28.199800,3707578,121.511,23.743,7.0,17.651178,3.3,7.193018
351,840,2013-04-01 06:18:29.039900,3033742,121.051,23.883,16.9,50.839178,3.9,7.192083
352,840,2012-08-29 06:57:07.089900,3525329,121.589,23.77,6.3,14.701164,3.2,7.192075
353,840,2012-07-23 11:31:59.859800,3609933,121.7214,23.9851,32.4,19.886303,3.7,7.190065
354,840,2013-03-07 04:52:43.179800,3096013,121.4419,24.2841,8.8,44.385586,3.8,7.188772
355,840,2012-06-14 16:21:09.309900,3706539,121.511,23.703,5.6,22.00419,3.4,7.187734
356,840,2012-06-14 16:16:27.149800,3706512,121.488,23.72,7.17,20.746277,3.38,7.187118
357,840,2012-08-29 06:57:07.089900,3525330,121.589,23.77,6.26,14.701164,3.19,7.177929
358,840,2012-06-14 21:12:28.199800,3707579,121.511,23.743,7.04,17.651178,3.29,7.177342
359,840,2012-06-18 07:51:41.630000,3695428,121.537,23.701,7.3,21.895887,3.4,7.173501
360,840,2012-11-13 06:11:51.009900,3352829,121.4884,24.3852,4.1,54.597218,3.9,7.173217
361,840,2012-05-16 08:19:28.480000,3781025,121.4986,24.3886,5.7,54.86317,3.9,7.166775
362,840,2012-05-16 08:19:28.480000,3781026,121.4986,24.3886,5.7305,54.86317,3.9,7.166726
363,840,2013-04-01 06:18:29.039900,3033743,121.051,23.883,16.866,50.839178,3.88,7.162257
364,840,2012-11-13 06:11:51.009900,3352830,121.4884,24.3852,4.0582,54.597218,3.89,7.158266
365,840,2013-03-27 02:11:42.799900,3045752,121.024,23.888,16.6,53.568012,3.9,7.152367
366,840,2012-07-27 17:59:35.229800,3600861,121.6325,23.4737,30.5,47.854215,3.9,7.142107
367,840,2013-03-02 15:01:20.869900,3110775,121.4053,24.0894,62.4,25.956723,4.0,7.14032
368,840,2012-06-13 08:22:21.029900,3708683,121.2691,24.7423,12.7451,98.177466,4.22,7.138718
369,840,2012-05-25 01:29:16.519900,3757573,122.488,23.901,10.0,95.277621,4.2,7.13726
370,840,2012-06-17 15:48:04.179800,3698956,121.5924,23.6452,6.6347,28.373131,3.51,7.136065
371,840,2012-12-06 18:56:40.710000,3305029,121.5666,23.5678,31.6,36.697293,3.8,7.129811
372,840,2012-06-18 07:51:41.630000,3695429,121.537,23.701,7.33,21.895887,3.37,7.128143
373,840,2012-05-26 20:43:52.630000,3757085,121.6386,23.8963,33.3,8.927201,3.6,7.12497
374,840,2012-06-15 07:50:10.660000,3702872,121.52,23.697,7.03,22.514731,3.38,7.124664
375,840,2012-06-17 15:48:04.179800,3698955,121.5924,23.6452,6.6,28.373131,3.5,7.1213
376,840,2013-03-18 21:07:37.259900,3068307,121.6524,24.0207,30.1,17.153132,3.6,7.120732
377,840,2012-06-14 16:21:09.309900,3706540,121.511,23.703,5.56,22.00419,3.35,7.11311
378,840,2012-06-14 20:21:33.109800,3707443,121.5641,23.6959,10.6,22.458746,3.4,7.109887
379,840,2013-03-12 09:03:45.059900,3081585,121.8264,24.3578,55.5911,58.325168,4.08,7.107608
380,840,2012-06-17 07:34:18.029900,3697916,121.5925,23.6777,10.5581,24.807253,3.44,7.098541
381,840,2012-06-18 18:03:49.950000,3696480,121.5357,23.6538,12.7,27.142763,3.5,7.096714
382,840,2012-11-21 22:37:50.630000,3337196,122.3593,24.0134,15.9,83.161811,4.1,7.09456
383,840,2013-03-27 02:11:42.799900,3045753,121.024,23.888,16.57,53.568012,3.86,7.092504
384,840,2012-08-16 14:49:55.089900,3556933,121.514,23.739,6.02,18.018541,3.23,7.087603
385,840,2012-08-08 22:21:01.349900,3575699,121.5593,23.8078,50.0,10.012602,3.8,7.084985
386,840,2012-07-17 18:48:24.829900,3624087,121.6465,23.9681,13.1,12.498794,3.2,7.084352
387,840,2012-08-11 19:31:13.509900,3568891,121.7184,24.09,33.1,27.349983,3.7,7.084326
388,840,2012-06-14 15:17:49.819900,3706377,121.5639,23.6942,12.1,22.64623,3.4,7.080942
389,840,2012-06-14 20:22:30.099900,3707445,121.518,23.735,7.7,18.37564,3.25,7.07626
390,840,2012-12-31 07:51:42.920000,3251473,120.9269,23.4512,4.2806,80.62051,4.06,7.075886
391,840,2013-03-07 11:02:19.819900,3097255,121.4386,24.3567,5.2567,52.313882,3.81,7.073403
392,840,2012-06-14 16:49:04.429800,3706690,121.504,23.719,7.9,20.412299,3.3,7.069599
393,840,2012-06-18 17:49:51.779900,3696459,121.5742,23.6744,7.8,24.922636,3.4,7.06623
394,840,2012-12-11 04:36:08.789900,3293226,121.61,23.963,9.2,9.446521,3.0,7.059758
395,840,2013-03-07 11:02:19.819900,3097254,121.4386,24.3567,5.3,52.313882,3.8,7.058331
396,840,2012-11-05 13:41:12.150000,3370598,121.411,23.764,11.08,20.556903,3.33,7.058323
397,840,2013-02-16 22:37:32.119800,3145864,121.6707,24.0064,33.1,17.177489,3.6,7.056774
398,840,2012-06-18 18:03:49.950000,3696481,121.5357,23.6538,12.7321,27.142763,3.47,7.05132
399,840,2013-03-04 13:16:37.579900,3105944,121.6483,23.7955,34.6,15.066253,3.6,7.046444
400,840,2013-03-25 05:21:33.729800,3051365,121.7238,24.0041,31.3,21.202699,3.6,7.044893
401,840,2012-08-16 14:49:55.089900,3556932,121.514,23.739,6.0,18.018541,3.2,7.042893
402,840,2012-06-17 07:34:18.029900,3697915,121.5925,23.6777,10.6,24.807253,3.4,7.038012
403,840,2012-11-21 22:37:50.630000,3337197,122.3593,24.0134,15.8732,83.161811,4.06,7.034611
404,840,2012-07-04 19:19:46.809900,3656515,122.4424,23.9537,24.1686,90.83776,4.12,7.033763
405,840,2012-12-11 04:36:08.789900,3293227,121.61,23.963,9.17,9.446521,2.98,7.031137
406,840,2012-12-16 15:30:22.690000,3283716,121.542,24.106,17.84,23.200398,3.44,7.02726
407,840,2012-06-14 16:49:04.429800,3706691,121.504,23.719,7.88,20.412299,3.27,7.024885
408,840,2013-03-27 02:17:46.700000,3045766,121.03,23.889,17.07,52.955827,3.81,7.02424
409,840,2013-03-09 09:15:08.710000,3090406,121.473,23.938,17.54,9.099831,3.21,7.023425
410,840,2013-04-15 05:57:10.559900,3000591,121.4824,24.3022,7.3,45.532062,3.7,7.022343
411,840,2012-12-13 11:26:39.119800,3289615,121.0566,23.9995,19.3,51.486135,3.8,7.019517
412,840,2012-05-31 06:58:18.839900,3742234,121.4885,24.3852,7.2,54.596042,3.8,7.018189
413,840,2012-06-14 08:23:02.180000,3705542,121.528,23.71,10.0,20.978693,3.3,7.017521
414,840,2012-06-14 08:23:02.180000,3705543,121.528,23.71,10.0,20.978693,3.3,7.017521
415,840,2012-11-05 13:41:12.150000,3370597,121.411,23.764,11.1,20.556903,3.3,7.012969
416,840,2012-04-29 07:08:25.379800,3823701,122.0948,23.6969,25.0935,59.673418,3.89,7.012724
417,840,2013-01-27 19:35:21.069900,3196995,122.4492,23.9131,17.7,91.344577,4.1,7.012626
418,840,2013-01-27 19:35:21.069900,3196996,122.4492,23.9131,17.7132,91.344577,4.1,7.012603
419,840,2013-03-09 09:15:08.710000,3090405,121.473,23.938,17.5,9.099831,3.2,7.009987
420,840,2013-03-27 02:17:46.700000,3045765,121.03,23.889,17.1,52.955827,3.8,7.009097
421,840,2012-06-04 02:07:26.269900,3731168,122.084,23.4139,19.4,76.426569,4.0,7.006393
422,840,2012-05-31 06:58:18.839900,3742235,121.4885,24.3852,7.2432,54.596042,3.79,7.0031
423,840,2013-02-20 15:20:28.739900,3135424,121.4991,23.2101,20.5,76.617943,4.0,7.001311
424,840,2012-06-14 20:22:30.099900,3707444,121.518,23.735,7.7,18.37564,3.2,7.00126
425,913,2013-03-14 09:09:23.329900,3076455,-122.786167,38.812333,1.343,30.363787,4.44,8.494439
426,913,2013-03-14 09:09:24.829900,3076456,-122.8444,38.7701,10.0,29.887803,4.1,7.952928
427,913,2013-03-14 09:09:24.829900,3076457,-122.8444,38.7701,10.0,29.887803,4.1,7.952928
428,913,2013-03-14 09:10:09.470000,3076459,-122.797333,38.827,2.63,28.624281,3.95,7.80788
429,913,2013-03-14 09:10:09.470000,3076458,-122.797,38.827,3.5,28.647902,3.9,7.72938
430,913,2013-03-14 09:10:09.470000,3076460,-122.797,38.827,3.5,28.647902,3.9,7.72938
431,913,2013-07-14 22:40:37.670000,2772625,-122.794667,38.808167,2.716,30.059561,3.7,7.390504
432,913,2013-07-14 22:40:37.509900,2772624,-122.7826,38.8045,2.7,31.135432,3.7,7.360237
433,913,2013-08-28 04:43:05.049900,2662082,-122.7125,38.762,1.072,38.832954,3.76,7.261268
434,913,2013-07-18 01:16:10.240000,2759657,-122.8185,38.808833,1.12,28.415335,3.5,7.14222
435,932,2013-05-01 21:03:23.279900,2958531,-124.383833,40.297,8.559,43.750022,3.86,7.291732
436,932,2013-05-01 21:03:21.910000,2958530,-124.3745,40.3471,1.1,38.318389,3.7,7.182828
437,841,2012-06-06 01:08:35.659800,3725678,121.5197,22.3778,29.4,61.653281,5.7,9.681103
438,841,2012-06-06 01:08:35.659800,3725679,121.5197,22.3778,29.4346,61.653281,5.62,9.560914
439,841,2012-06-06 01:08:35.519900,3725677,121.428,22.357,24.3,56.586892,5.5,9.471067
440,841,2012-11-20 17:08:59.789900,3338811,121.454,22.339,17.7,59.857506,5.2,9.009358
441,841,2012-11-20 17:09:01.799900,3338813,121.4578,22.4098,29.3926,54.531498,5.1,8.865939
442,841,2012-11-20 17:09:01.799900,3338812,121.4578,22.4098,29.4,54.531498,5.1,8.86589
443,841,2012-09-04 20:00:18.629800,3511032,121.1074,22.1918,17.6,61.091405,5.0,8.693412
444,841,2012-09-04 20:00:17.529900,3511031,121.135,22.174,11.9,63.325332,5.0,8.681773
445,841,2012-10-25 10:31:19.960000,3395541,120.4347,22.452,31.2,72.180723,5.1,8.658766
446,841,2012-10-25 10:31:19.179800,3395540,120.558,22.417,30.9,63.224308,5.0,8.605209
447,841,2012-09-04 20:00:18.629800,3511033,121.1074,22.1918,17.5617,61.091405,4.94,8.603557
448,841,2012-09-24 21:57:33.079900,3465697,121.3376,22.8405,14.1,30.112035,4.5,8.506424
449,841,2012-10-25 10:31:19.960000,3395542,120.4347,22.452,31.2203,72.180723,4.98,8.478677
450,841,2012-08-17 20:20:02.519900,3555309,121.5758,23.3638,26.7909,86.870641,5.01,8.397796
451,841,2012-06-06 01:09:39.009900,3725681,121.431,22.441,24.78,50.163402,4.71,8.369398
452,841,2012-06-06 01:10:45.939800,3725688,121.45,22.43,19.67,52.437469,4.71,8.368541
453,841,2012-06-06 01:09:39.009900,3725680,121.431,22.441,24.8,50.163402,4.7,8.35426
454,841,2012-06-06 01:10:45.939800,3725687,121.45,22.43,19.7,52.437469,4.7,8.353378
455,841,2012-12-30 16:03:26.789900,3254237,120.9318,23.4664,3.7,81.933215,4.9,8.322195
456,841,2012-06-06 01:10:44.899800,3725686,121.47,22.39,16.0,56.947217,4.7,8.306058
457,841,2012-06-06 02:24:00.829900,3725872,121.4805,22.4462,9.7,53.721593,4.6,8.225769
458,841,2012-12-30 16:03:26.250000,3254236,120.953,23.443,3.4,79.025664,4.8,8.203661
459,841,2012-06-09 04:41:19.940000,3718376,120.644,22.833,17.7,44.378945,4.5,8.191536
460,841,2012-09-24 21:57:33.079900,3465698,121.3376,22.8405,14.1457,30.112035,4.28,8.175917
461,841,2012-06-06 07:48:51.679800,3726457,121.483,22.406,13.3,56.748229,4.6,8.168872
462,841,2012-06-06 02:24:00.789900,3725871,121.41,22.44,33.6,48.645406,4.6,8.156511
463,841,2012-06-09 04:41:20.279900,3718378,120.5732,22.9102,15.9109,53.840028,4.55,8.126427
464,841,2013-02-19 06:52:40.359800,3136781,120.728,22.822,25.9,35.73078,4.4,8.110523
465,841,2012-06-06 07:48:50.880000,3726456,121.414,22.264,10.0,63.914716,4.6,8.078295
466,841,2012-06-09 04:41:20.279900,3718377,120.5732,22.9102,15.9,53.840028,4.5,8.051475
467,841,2012-05-30 07:25:43.229800,3744993,121.0378,23.1743,6.7,48.393646,4.4,8.022178
468,841,2012-12-30 16:03:26.789900,3254238,120.9318,23.4664,3.7385,81.933215,4.7,8.022177
469,841,2013-01-08 05:00:15.250000,3233722,121.0705,22.7912,19.8,5.743537,3.9,8.021582
470,841,2012-08-17 20:20:01.970000,3555305,121.525,23.305,25.1,78.527467,4.7,8.01771
471,841,2012-09-24 21:57:35.549900,3465699,121.464,22.88,38.9,43.77461,4.5,8.014779
472,841,2012-06-06 02:09:17.129800,3725851,121.4823,22.4004,13.8,57.104147,4.5,8.012014
473,841,2012-06-06 02:09:16.899800,3725850,121.44,22.36,20.8,57.159184,4.5,7.98182
474,841,2013-02-19 06:52:39.500000,3136779,120.6123,22.9117,16.0,50.172018,4.4,7.957014
475,841,2012-08-15 04:09:39.479800,3558412,121.063,22.739,5.94,0.216825,3.13,7.946849
476,841,2013-01-17 05:09:28.890000,3216419,121.3264,22.843,34.7,29.157395,4.3,7.937348
477,841,2012-08-17 20:20:02.519900,3555308,121.5758,23.3638,26.8,86.870641,4.7,7.93277
478,841,2012-05-30 07:25:43.259900,3744995,121.391,23.114,10.0,53.351791,4.4,7.930706
479,841,2012-08-29 14:24:13.750000,3526056,121.58,22.861,7.2,54.491035,4.4,7.919833
480,841,2012-08-15 04:09:39.479800,3558411,121.063,22.739,5.9,0.216825,3.1,7.90771
481,841,2012-08-29 14:24:15.099900,3526057,121.5473,22.9511,13.9,54.729699,4.4,7.896407
482,841,2012-09-04 20:01:18.789900,3511037,121.004,22.226,12.0,57.474341,4.4,7.862521
483,841,2012-10-07 00:11:17.069900,3434015,121.014,22.683,6.5,8.196475,3.4,7.860855
484,841,2012-10-07 00:11:17.069900,3434016,121.014,22.683,6.51,8.196475,3.4,7.860339
485,841,2012-09-04 20:01:18.789900,3511038,121.004,22.226,11.99,57.474341,4.39,7.847551
486,841,2013-03-04 08:42:21.619900,3105430,121.498,22.923,12.3,48.834197,4.3,7.845839
487,841,2012-06-06 01:10:33.369800,3725685,121.434,22.438,19.65,50.615425,4.32,7.810466
488,841,2013-03-04 08:42:23.640000,3105433,121.4547,22.9725,23.1,47.587108,4.3,7.80313
489,841,2012-11-10 02:22:31.609800,3358935,120.9953,22.5745,12.6694,19.720668,3.82,7.790097
490,841,2012-06-06 01:10:33.369800,3725684,121.434,22.438,19.6,50.615425,4.3,7.780755
491,841,2012-12-31 07:51:43.689800,3251474,121.008,23.435,10.0,77.521441,4.5,7.763989
492,841,2012-06-06 02:24:00.829900,3725873,121.4805,22.4462,9.6893,53.721593,4.29,7.760799
493,841,2012-11-10 02:22:31.609800,3358934,120.9953,22.5745,12.7,19.720668,3.8,7.759484
494,841,2012-09-04 20:01:42.000000,3511042,121.019,22.237,11.79,56.108041,4.31,7.748185
495,841,2012-12-31 07:51:42.920000,3251472,120.9269,23.4512,4.3,80.353711,4.5,7.738746
496,841,2012-09-04 20:01:42.000000,3511041,121.019,22.237,11.8,56.108041,4.3,7.733154
497,841,2012-11-03 08:06:29.899800,3374299,120.43,22.37,39.8,77.084213,4.5,7.673435
498,841,2013-02-19 02:12:45.899800,3136405,120.57,23.36,15.9,85.558244,4.5,7.670731
499,841,2013-02-19 02:12:45.399800,3136403,120.5428,23.3594,18.0,87.181615,4.5,7.651021
500,841,2013-01-17 05:15:35.159800,3216428,121.3382,22.8358,33.1,29.979557,4.1,7.650191
501,841,2012-06-06 02:09:17.129800,3725852,121.4823,22.4004,13.7915,57.104147,4.25,7.637044
502,841,2012-11-29 03:12:52.670000,3317364,121.2692,22.6848,94.6,21.827249,4.5,7.575692
503,841,2012-11-06 16:36:31.839900,3368693,120.9051,22.6231,12.6,20.911155,3.7,7.574727
504,841,2013-03-04 08:42:23.640000,3105434,121.4547,22.9725,23.1015,47.587108,4.14,7.563119
505,841,2012-11-29 03:12:51.779900,3317363,121.402,22.566,90.8,39.622308,4.5,7.558129
506,841,2012-11-06 16:36:31.839900,3368694,120.9051,22.6231,12.5512,20.911155,3.66,7.515622
507,841,2012-05-30 07:25:43.229800,3744994,121.0378,23.1743,6.6847,48.393646,4.04,7.482215
508,841,2012-08-03 22:43:42.670000,3586193,120.7539,22.8677,16.7,34.909496,3.9,7.474615
509,841,2013-02-19 06:52:39.500000,3136780,120.6123,22.9117,15.9659,50.172018,4.07,7.462185
510,841,2012-08-03 22:43:42.670000,3586194,120.7539,22.8677,16.6786,34.909496,3.89,7.459822
511,841,2012-12-22 03:24:35.369800,3269950,121.5833,22.0255,16.3,95.651865,4.4,7.426181
512,841,2012-12-24 03:17:51.899800,3265788,121.32,22.55,61.0,33.624888,4.2,7.414112
513,841,2012-11-29 03:12:52.670000,3317365,121.2692,22.6848,94.5565,21.827249,4.39,7.411071
514,841,2012-09-08 12:39:15.579900,3502602,121.4361,22.6083,10.5,40.793617,3.9,7.400956
515,841,2012-08-11 20:36:59.799900,3569017,120.9884,22.9788,11.3,27.707854,3.7,7.397976
516,841,2012-08-11 20:23:37.960000,3568993,120.9783,22.9761,11.3,27.733724,3.7,7.39728
517,841,2012-08-11 20:23:37.960000,3568994,120.9783,22.9761,11.3035,27.733724,3.66,7.337242
518,841,2012-11-29 18:29:40.890000,3318569,121.0609,22.6024,11.9,15.284184,3.4,7.325718
519,841,2012-04-27 21:08:18.420000,3830310,120.743,22.7265,24.8893,33.048884,3.83,7.311571
520,841,2012-12-24 03:17:51.990000,3265789,121.2737,22.5122,71.4,33.161258,4.2,7.307774
521,841,2013-03-20 06:05:52.939800,3062359,120.845,22.653,8.58,24.539012,3.55,7.295195
522,841,2012-08-17 11:57:29.809900,3554092,121.1445,22.4477,4.0,33.492027,3.7,7.293966
523,841,2012-11-12 15:48:38.640000,3355940,120.9762,22.8686,17.2,16.965294,3.5,7.283839
524,841,2012-04-27 21:08:18.420000,3830309,120.743,22.7265,24.9,33.048884,3.8,7.266436
525,841,2012-08-29 14:24:15.099900,3526058,121.5473,22.9511,13.9453,54.729699,3.97,7.251235
526,841,2012-11-29 18:29:40.890000,3318570,121.0609,22.6024,11.9399,15.284184,3.35,7.249619
527,841,2013-03-20 06:05:52.939800,3062358,120.845,22.653,8.6,24.539012,3.5,7.219974
528,841,2012-12-24 03:17:51.990000,3265790,121.2737,22.5122,71.4366,33.161258,4.14,7.217408
529,841,2012-07-07 12:35:41.759900,3647839,121.032,23.2032,9.0,51.637561,3.9,7.211072
530,841,2012-11-18 22:12:49.229800,3343748,120.8657,22.8503,11.8,23.833837,3.5,7.200401
531,841,2013-03-10 00:06:59.200000,3086601,121.118,22.877,16.7,16.196506,3.4,7.166629
532,841,2013-02-16 08:07:46.409800,3144294,121.4335,23.0701,20.1,52.669839,3.9,7.147829
533,841,2013-01-14 14:27:31.029900,3221716,121.2867,22.7367,17.5925,22.746171,3.51,7.147555
534,841,2013-01-14 14:27:31.029900,3221715,121.2867,22.7367,17.6,22.746171,3.5,7.132417
535,841,2012-06-06 07:48:51.679800,3726458,121.483,22.406,13.2726,56.748229,3.9,7.118965
536,841,2013-02-20 15:20:27.269900,3135423,121.531,23.183,11.4,68.598227,4.0,7.115543
537,841,2012-08-17 04:09:21.529900,3553167,121.3344,22.3243,84.3,53.857431,4.2,7.099691
538,841,2012-12-22 03:24:35.369800,3269951,121.5833,22.0255,16.2722,95.651865,4.18,7.096223
539,841,2012-05-06 06:30:47.259900,3806341,121.1838,22.3827,43.2,41.542001,3.9,7.094666
540,841,2013-03-10 00:06:59.200000,3086602,121.118,22.877,16.66,16.196506,3.35,7.092701
541,841,2013-02-20 15:20:28.739900,3135424,121.4991,23.2101,20.5,68.63213,4.0,7.08983
542,841,2012-12-31 07:51:42.920000,3251473,120.9269,23.4512,4.2806,80.353711,4.06,7.078757
543,841,2013-02-04 06:10:15.599900,3175245,121.057,22.728,15.55,1.543845,3.11,7.077279
544,841,2013-02-19 02:12:45.399800,3136404,120.5428,23.3594,17.9844,87.181615,4.11,7.066052
545,841,2013-02-04 06:10:15.599900,3175244,121.057,22.728,15.6,1.543845,3.1,7.059518
546,841,2012-10-22 20:15:58.339900,3403925,121.015,22.721,7.6,5.530841,2.8,7.053792
547,841,2013-03-27 02:21:17.599900,3045784,121.355,22.686,83.66,30.348961,4.1,7.051272
548,841,2013-03-27 02:21:17.599900,3045783,121.355,22.686,83.7,30.348961,4.1,7.050905
549,841,2012-05-01 17:45:21.579900,3819943,120.6832,22.8058,20.4,39.819356,3.7,7.048592
550,841,2012-10-24 10:43:45.149800,3398473,121.007,22.829,11.6,11.560145,3.11,7.036546
551,841,2012-12-17 09:00:43.429800,3280616,121.2251,22.0769,14.9,75.528252,4.0,7.0272
552,841,2012-10-24 10:43:45.149800,3398472,121.007,22.829,11.6,11.560145,3.1,7.021546
553,841,2013-03-21 07:37:28.929800,3060062,121.046,22.78,5.0,4.872773,2.6,7.01208
554,841,2012-07-22 04:26:37.039900,3611537,120.909,22.807,4.52,17.646569,3.15,7.004082
555,841,2012-07-27 16:21:55.079900,3600728,121.2621,22.9501,12.8,30.903836,3.5,7.001214
556,881,2013-09-19 11:43:54.829900,2611663,-117.7856,34.0206,3.771,11.644663,3.8,8.324434
557,881,2013-09-19 11:43:54.829900,2611662,-117.7856,34.0206,3.8,11.644663,3.8,8.323798
558,881,2013-09-19 12:06:33.109800,2611689,-117.7875,34.053,5.2,15.046422,3.9,8.246134
559,881,2013-09-19 12:06:33.109800,2611690,-117.7875,34.053,5.2102,15.046422,3.9,8.245952
560,881,2013-09-19 12:06:33.519900,2611691,-117.784,34.081667,3.328,18.2217,3.75,7.889572
561,881,2013-09-19 11:43:55.909800,2611664,-117.785,34.081667,2.618,18.201626,3.68,7.790887
562,881,2013-05-15 20:00:06.230000,2924576,-118.372167,33.658333,1.083,58.237859,4.08,7.389439
563,885,2013-09-19 12:06:33.109800,2611689,-117.7875,34.053,5.2,20.023832,3.9,8.018562
564,885,2013-09-19 12:06:33.109800,2611690,-117.7875,34.053,5.2102,20.023832,3.9,8.018455
565,885,2013-09-19 11:43:54.829900,2611663,-117.7856,34.0206,3.771,19.263461,3.8,7.914199
566,885,2013-09-19 11:43:54.829900,2611662,-117.7856,34.0206,3.8,19.263461,3.8,7.913952
567,885,2013-09-19 12:06:33.519900,2611691,-117.784,34.081667,3.328,21.612852,3.75,7.745399
568,885,2013-09-19 11:43:55.909800,2611664,-117.785,34.081667,2.618,21.531367,3.68,7.647483
569,885,2013-05-15 20:00:06.230000,2924576,-118.372167,33.658333,1.083,51.042847,4.08,7.503935
570,885,2013-05-15 20:00:06.469800,2924577,-118.3663,33.6527,7.3,51.131014,3.8,7.073868
571,885,2013-05-15 20:00:06.469800,2924578,-118.3663,33.6527,7.2638,51.131014,3.77,7.028954
572,888,2013-09-19 12:06:33.519900,2611691,-117.784,34.081667,3.328,8.673435,3.75,8.488969
573,888,2013-09-19 12:06:33.109800,2611689,-117.7875,34.053,5.2,11.765546,3.9,8.431286
574,888,2013-09-19 12:06:33.109800,2611690,-117.7875,34.053,5.2102,11.765546,3.9,8.431007
575,888,2013-09-19 11:43:55.909800,2611664,-117.785,34.081667,2.618,8.710588,3.68,8.402346
576,888,2013-09-19 11:43:54.829900,2611663,-117.7856,34.0206,3.771,15.178572,3.8,8.111527
577,888,2013-09-19 11:43:54.829900,2611662,-117.7856,34.0206,3.8,15.178572,3.8,8.111137
578,888,2013-05-15 20:00:06.230000,2924576,-118.372167,33.658333,1.083,79.767527,4.08,7.116268
579,938,2013-09-19 12:06:33.109800,2611689,-117.7875,34.053,5.2,22.150657,3.9,7.935929
580,938,2013-09-19 12:06:33.109800,2611690,-117.7875,34.053,5.2102,22.150657,3.9,7.93584
581,938,2013-09-19 12:06:33.519900,2611691,-117.784,34.081667,3.328,20.854052,3.75,7.775697
582,938,2013-09-19 11:43:54.829900,2611663,-117.7856,34.0206,3.771,24.458402,3.8,7.712941
583,938,2013-09-19 11:43:54.829900,2611662,-117.7856,34.0206,3.8,24.458402,3.8,7.712785
584,938,2013-09-19 11:43:55.909800,2611664,-117.785,34.081667,2.618,20.771092,3.68,7.678236
585,809,2014-01-12 20:24:46.630000,2348704,-122.8028,38.7969,0.1,74.500161,4.8,8.255685
586,809,2014-01-12 20:24:46.740000,2348706,-122.816167,38.8135,1.9,76.633393,4.53,7.825897
587,809,2014-01-12 20:24:46.630000,2348705,-122.8028,38.7969,0.1095,74.500161,4.06,7.145685
588,809,2014-04-04 04:04:54.969800,2135077,-122.254,38.449333,7.831,38.440214,3.63,7.057769
589,810,2013-10-15 08:07:26.500000,2553823,-122.2305,37.882667,6.915,11.23348,3.15,7.28443
590,810,2013-10-15 08:07:26.609800,2553825,-122.2474,37.8822,13.69,10.337171,3.2,7.131249
591,810,2013-10-15 08:07:26.609800,2553824,-122.2474,37.8822,13.7,10.337171,3.2,7.130845
592,810,2013-10-07 04:26:08.259900,2571194,-122.232667,37.883667,6.544,11.023536,2.99,7.069251
593,854,2014-01-12 20:24:46.630000,2348704,-122.8028,38.7969,0.1,59.381513,4.8,8.452696
594,854,2014-01-12 20:24:46.740000,2348706,-122.816167,38.8135,1.9,61.508461,4.53,8.016716
595,854,2013-11-17 11:26:07.150000,2476454,-122.605333,38.289167,4.437,2.436051,2.68,7.411399
596,854,2014-01-12 20:24:46.630000,2348705,-122.8028,38.7969,0.1095,59.381513,4.06,7.342696
597,854,2014-04-04 04:04:54.969800,2135077,-122.254,38.449333,7.831,33.167808,3.63,7.180008
598,854,2013-12-06 06:44:55.029900,2432653,-122.3897,38.6762,10.3,45.677768,3.7,7.009051
599,854,2013-12-06 06:44:55.029900,2432655,-122.3897,38.6762,10.3,45.677768,3.7,7.009051
600,870,2014-01-12 20:24:46.630000,2348704,-122.8028,38.7969,0.1,96.104167,4.8,8.034515
601,870,2014-01-12 20:24:46.740000,2348706,-122.816167,38.8135,1.9,98.267484,4.53,7.610018
602,870,2014-04-04 04:04:54.969800,2135077,-122.254,38.449333,7.831,38.291075,3.63,7.06101
603,871,2014-01-12 20:24:46.630000,2348704,-122.8028,38.7969,0.1,69.172003,4.8,8.320138
604,871,2014-04-04 04:04:54.969800,2135077,-122.254,38.449333,7.831,11.656395,3.63,7.950102
605,871,2014-01-12 20:24:46.740000,2348706,-122.816167,38.8135,1.9,71.309349,4.53,7.888399
606,871,2014-01-12 20:24:46.630000,2348705,-122.8028,38.7969,0.1095,69.172003,4.06,7.210138
607,871,2013-12-06 06:44:55.029900,2432653,-122.3897,38.6762,10.3,38.655259,3.7,7.145793
608,871,2013-12-06 06:44:55.029900,2432655,-122.3897,38.6762,10.3,38.655259,3.7,7.145793
609,871,2013-12-06 06:44:55.029900,2432654,-122.389667,38.676167,9.628,38.650859,3.65,7.074536
610,965,2015-01-07 04:48:33.599900,1428828,121.7,24.26,22.0,93.561052,5.1,8.484438
611,965,2014-07-07 11:43:53.019900,1884943,120.969,23.81,12.9,4.094615,3.9,8.387132
612,965,2014-10-07 18:08:09.839900,1654338,121.6326,23.6209,30.1,73.876921,4.9,8.346283
613,965,2015-01-07 04:48:32.939800,1428827,121.7293,24.2575,34.7536,95.90616,5.04,8.342724
614,965,2015-01-07 04:48:32.939800,1428826,121.7293,24.2575,34.8,95.90616,5.0,8.28259
615,965,2014-05-25 12:41:13.720000,2000220,121.2549,23.0396,15.6,90.205269,4.9,8.226738
616,965,2014-10-07 18:08:09.839900,1654339,121.6326,23.6209,30.1118,73.876921,4.82,8.226234
617,965,2014-05-25 12:41:12.789900,2000219,121.2963,23.0468,10.0,91.09898,4.9,8.225771
618,965,2014-07-14 01:39:43.509900,1866405,121.0842,23.9028,20.35,19.561026,4.2,8.198675
619,965,2014-05-25 12:41:13.720000,2000221,121.2549,23.0396,15.6057,90.205269,4.88,8.196729
620,965,2014-07-14 01:39:43.450000,1866403,121.076,23.934,20.5,21.279119,4.2,8.15896
621,965,2014-10-07 18:08:09.429800,1654337,121.6137,23.6088,30.1,72.397728,4.7,8.061306
622,965,2014-06-14 22:22:42.700000,1944141,121.5875,23.6782,5.78,67.942832,4.5,7.882581
623,965,2015-01-01 17:10:44.700000,1443617,121.5,23.69,13.7,58.948579,4.4,7.836208
624,965,2014-10-23 00:53:41.299900,1614948,120.74,23.68,28.7,23.37375,4.1,7.813272
625,965,2014-11-01 05:44:48.569900,1594968,121.4112,23.6832,16.15,50.303339,4.3,7.804202
626,965,2014-11-01 05:44:48.599900,1594969,121.4344,23.6763,15.2,52.782664,4.3,7.770418
627,965,2014-09-20 21:14:03.589900,1696124,121.5972,23.59,30.9,71.433146,4.5,7.767706
628,965,2014-09-20 21:14:03.589900,1696125,121.5972,23.59,30.8993,71.433146,4.47,7.722709
629,965,2014-09-17 11:41:56.819900,1702100,121.2419,24.2281,10.0,57.52672,4.3,7.717332
630,965,2014-06-14 22:22:42.700000,1944140,121.6145,23.7201,2.3,69.925734,4.4,7.710256
631,965,2014-07-14 01:39:43.500000,1866404,121.0876,23.9378,18.2281,22.403348,3.86,7.668744
632,965,2014-08-02 16:41:19.269900,1820863,121.6319,23.7482,29.885,71.38163,4.36,7.562686
633,965,2014-06-22 12:27:45.369800,1923404,121.3979,23.8082,14.37,47.392634,4.1,7.560381
634,965,2014-09-20 21:14:04.500000,1696126,121.54,23.59,24.1,65.939234,4.3,7.557259
635,965,2014-08-02 16:41:19.940000,1820864,121.589,23.766,27.6,66.899625,4.3,7.530891
636,965,2014-11-15 06:31:47.990000,1561425,120.9903,24.1072,25.1,35.223701,4.0,7.527991
637,965,2014-06-22 12:27:45.269900,1923403,121.4606,23.7779,15.6,53.787947,4.1,7.453554
638,965,2014-08-02 16:41:20.009900,1820865,121.5973,23.7095,41.63,68.344496,4.3,7.443547
639,965,2014-06-25 09:32:00.440000,1914126,120.9866,23.7498,28.1,7.461792,3.7,7.422995
640,965,2014-06-26 02:05:54.420000,1910993,121.2102,23.7409,10.922,28.910926,3.73,7.414937
641,965,2014-06-14 22:22:42.700000,1944142,121.6145,23.7201,2.2611,69.925734,4.19,7.395272
642,965,2014-10-04 13:42:49.890000,1660190,121.6258,23.4953,33.6,78.10122,4.3,7.390936
643,965,2014-05-23 17:25:43.849900,2006745,121.5366,23.5167,24.84,68.885422,4.2,7.370655
644,965,2014-06-26 02:05:54.420000,1910992,121.2102,23.7409,10.9,28.910926,3.7,7.370155
645,965,2014-06-14 11:26:47.859800,1943080,121.6728,23.95,44.41,77.246024,4.3,7.350223
646,965,2014-06-26 02:05:39.929800,1910991,121.2264,23.7513,10.3,30.318067,3.7,7.33916
647,965,2014-06-14 11:26:48.140000,1943081,121.746,23.9559,35.2,84.65204,4.3,7.325462
648,965,2014-05-23 17:25:44.819900,2006746,121.581,23.5358,30.0,72.075003,4.2,7.31504
649,965,2014-10-04 13:42:49.890000,1660191,121.6258,23.4953,33.5958,78.10122,4.22,7.270953
650,965,2014-12-14 05:06:03.209800,1484807,121.47,23.132,43.0,91.876489,4.3,7.237572
651,965,2014-12-14 05:06:02.169800,1484805,121.5184,23.099,38.49,97.787979,4.3,7.206875
652,965,2014-09-26 11:44:35.700000,1679521,121.5,23.92,22.0,59.384449,4.0,7.1968
653,965,2014-12-12 21:50:20.699800,1491893,120.49,23.23,7.2,77.325921,4.1,7.169601
654,965,2014-11-22 12:56:14.359800,1542050,121.005,23.984,10.68,22.289126,3.4,7.114053
655,965,2014-11-22 12:56:14.359800,1542049,121.005,23.984,10.7,22.289126,3.4,7.113749
656,965,2014-06-30 06:12:56.700000,1901312,121.65,23.24,25.6,95.717173,4.2,7.108015
657,965,2014-06-14 11:26:48.140000,1943082,121.746,23.9559,35.2073,84.65204,4.14,7.085435
658,965,2014-06-25 13:44:49.219800,1914609,121.215,23.763,9.7,28.984471,3.5,7.079565
659,965,2014-06-25 13:44:49.219800,1914610,121.215,23.763,9.72,28.984471,3.49,7.064384
660,965,2014-10-23 00:53:41.779900,1614949,120.7092,23.6754,17.8,26.310413,3.5,7.046075
661,965,2014-10-08 21:23:54.299900,1652346,121.57,23.66,36.2,66.625868,4.0,7.040374
662,965,2014-06-29 00:06:04.150000,1903067,121.6041,23.8078,32.9,68.362998,4.0,7.039886
663,965,2014-11-12 12:46:19.769900,1569863,120.7456,23.5516,10.6365,33.065807,3.53,7.013479
664,965,2014-12-12 21:50:19.859800,1491892,120.475,23.231,8.3,78.138411,4.0,7.009398
665,965,2014-10-11 04:18:37.829900,1644267,121.5906,23.5266,28.4776,73.384299,4.0,7.007873
666,965,2014-10-11 04:18:37.829900,1644266,121.5906,23.5266,28.5,73.384299,4.0,7.007783
